weekday,hour,best_discrete,ks_discrete,p_discrete,params_discrete,best_continuous,ks_continuous,p_continuous,params_continuous
0,0,nbinom,0.12568968187553708,0.0032618429428068105,"{'n': 18.636142621932134, 'p': 0.6477373132802127}",gamma,0.03586052013929675,0.951015054474048,"{'a': 9.268190787926482, 'loc': -1.8487105400080126, 'scale': 1.2912675930386621}"
0,1,nbinom,0.1265413272631397,0.003087662669590423,"{'n': 44.05596023652414, 'p': 0.8594274218321779}",gamma,0.03375800644017146,0.9714594523891514,"{'a': 17.136590042415897, 'loc': -4.933015579106241, 'scale': 0.7085518718593113}"
0,2,poisson,0.12617546379116934,0.0035273491123997943,{'mu': 5.438775510204081},gamma,0.044101598316223845,0.8239703205617638,"{'a': 6.0731089454543365, 'loc': -1.2272935979849768, 'scale': 1.102124915061574}"
0,3,poisson,0.18725385428988728,1.6055810521414539e-06,{'mu': 4.365482233502538},weibull_min,0.029708158071071578,0.9930232399613083,"{'c': 2.130811583603685, 'loc': 0.1875365152205163, 'scale': 4.67894541763291}"
0,4,nbinom,0.1777663184880054,8.863333874635709e-06,"{'n': 36.95271210013911, 'p': 0.9158375278005385}",weibull_min,0.05606562686998906,0.5628627512501292,"{'c': 1.4093724193898503, 'loc': 0.4681241707817446, 'scale': 3.162787275039707}"
0,5,poisson,0.25262389787290507,1.0055139470015009e-10,{'mu': 3.1263736263736264},gamma,0.024860424604239872,0.9997478838786115,"{'a': 2.9988776608214107, 'loc': 0.20637646686552802, 'scale': 0.9881469968515559}"
0,6,poisson,0.19485359247013295,6.788746605244169e-07,{'mu': 3.5958549222797926},weibull_min,0.058430855661332104,0.5065075080982548,"{'c': 1.5718791034759816, 'loc': 0.39862881514892085, 'scale': 3.547563618576892}"
0,7,poisson,0.18455687149509686,1.9547572671814137e-06,{'mu': 5.065},gamma,0.041476864667572166,0.867140236527798,"{'a': 10.397935654052418, 'loc': -2.5462608843103878, 'scale': 0.732573639934737}"
0,8,nbinom,0.16013901395906582,6.007472041341221e-05,"{'n': 74.4932432432432, 'p': 0.8764607679465776}",norm,0.04961076883119503,0.6895204984603207,"{'loc': 10.489214856730205, 'scale': 3.467730967808269}"
0,9,nbinom,0.11033356169097985,0.014152587227438099,"{'n': 43.678470176400175, 'p': 0.704793035666303}",norm,0.04116516014766744,0.8728752012032478,"{'loc': 18.30825424135653, 'scale': 5.127721697322447}"
0,10,nbinom,0.10797849581376978,0.018260999344894214,"{'n': 73.64851971994302, 'p': 0.764982458803197}",gamma,0.04392705638295036,0.8230431005502405,"{'a': 22684.463234595, 'loc': -800.7854230368946, 'scale': 0.036298362934786096}"
0,11,nbinom,0.10662120506078493,0.020995017900271157,"{'n': 55.483233688588484, 'p': 0.7028976553087639}",weibull_min,0.04600698717872134,0.7808587147582445,"{'c': 5.5225068163559925, 'loc': -4.669141424360081, 'scale': 30.41080403918987}"
0,12,nbinom,0.10514431262142598,0.02326218338503816,"{'n': 92.39815203695917, 'p': 0.8061232798632032}",gamma,0.039090346568638745,0.9109989872480229,"{'a': 357.9931435789541, 'loc': -77.35079603729307, 'scale': 0.2781529682722611}"
0,13,poisson,0.1093021052953263,0.01588788333697561,{'mu': 20.65326633165829},norm,0.04019468984123731,0.8916699163999078,"{'loc': 20.63503848666313, 'scale': 5.228241245306591}"
0,14,poisson,0.097590139577589,0.041359449697875195,{'mu': 19.225},norm,0.036749128560898625,0.9406987804344258,"{'loc': 19.23332863474684, 'scale': 5.194741521714678}"
0,15,nbinom,0.09234159256030705,0.06191206641443481,"{'n': 43.333829037232846, 'p': 0.7095318849390457}",gamma,0.059753552390565734,0.45538422790685307,"{'a': 827.918038292954, 'loc': -126.02335694995634, 'scale': 0.17365598721620146}"
0,16,nbinom,0.08725443497788146,0.08960703482225996,"{'n': 49.345112161452434, 'p': 0.7526123350470497}",gamma,0.03441407885265191,0.9653215492704177,"{'a': 20.6318737936509, 'loc': -4.764361221214484, 'scale': 1.0159981417564048}"
0,17,nbinom,0.09677695591410432,0.04409137553502496,"{'n': 96.37472617743713, 'p': 0.851707475534982}",gamma,0.04021913474685973,0.8895766336318155,"{'a': 212.8448499434412, 'loc': -47.9763935850375, 'scale': 0.30428970743486117}"
0,18,nbinom,0.10813960474567202,0.017182903557303737,"{'n': 42.37940870715283, 'p': 0.6854802107027625}",gamma,0.042816019671277794,0.8412977441388182,"{'a': 3074.641241758545, 'loc': -275.7245300727333, 'scale': 0.09599618020033429}"
0,19,nbinom,0.1176397090146638,0.007210845921472155,"{'n': 50.024542012320076, 'p': 0.709270762081254}",weibull_min,0.0256255515053444,0.9990400771878643,"{'c': 3.7554133687832554, 'loc': 2.3468868107384555, 'scale': 20.08906661973203}"
0,20,nbinom,0.09385988302239379,0.055219110089260504,"{'n': 50.02990033222592, 'p': 0.7108549471661864}",gamma,0.04042061099302863,0.886111209059018,"{'a': 234.77895092134003, 'loc': -62.30208766561453, 'scale': 0.35198647847042314}"
0,21,nbinom,0.10201314266185446,0.028933971190422292,"{'n': 47.70393867985599, 'p': 0.7265414220667482}",weibull_min,0.043592577041648095,0.8254950774048482,"{'c': 2.428950453051106, 'loc': 6.598165488025712, 'scale': 12.801720209411148}"
0,22,nbinom,0.09242548480268609,0.06152492493229966,"{'n': 49.903066528066546, 'p': 0.7667596072251183}",weibull_min,0.0451325051717717,0.7926498729265254,"{'c': 2.678700293601735, 'loc': 3.969456138544802, 'scale': 12.563834853722236}"
0,23,poisson,0.11247525076683529,0.011666603126997561,{'mu': 12.595},gamma,0.030763128789501604,0.988587189007292,"{'a': 68.46108718657926, 'loc': -22.27251660139106, 'scale': 0.5095507441479317}"
1,0,poisson,0.1051810478987738,0.022183754930613805,{'mu': 10.125},gamma,0.03689132282094698,0.9389397323952964,"{'a': 7.603955284592006, 'loc': -1.6666778868577383, 'scale': 1.54947931494758}"
1,1,nbinom,0.16898782019826036,1.8385860278098847e-05,"{'n': 26.701220541087764, 'p': 0.7948868814822504}",weibull_min,0.04956488328229697,0.6906104408827121,"{'c': 2.497137980330139, 'loc': -0.03357141214062452, 'scale': 7.792342928100375}"
1,2,poisson,0.14550624215133023,0.000402038791592765,{'mu': 5.106060606060606},gamma,0.04808749956429431,0.7310001489743521,"{'a': 6.358822333381838, 'loc': -1.0519357387241393, 'scale': 0.9677073945404315}"
1,3,poisson,0.2132520110067226,2.0205004886074892e-08,{'mu': 3.969849246231156},gamma,0.045802266031858746,0.7803448268846835,"{'a': 4.568424041534703, 'loc': -0.5973820034311559, 'scale': 0.9981890637418014}"
1,4,poisson,0.16185030916117854,9.038524734962364e-05,{'mu': 3.3404255319148937},weibull_min,0.07708338157146782,0.20315822423841923,"{'c': 1.3975277535461406, 'loc': 0.44751822188774015, 'scale': 3.1527143823425394}"
1,5,poisson,0.21695356821811784,3.9998988819857744e-08,{'mu': 3.281081081081081},norm,0.06736581643309042,0.3548066131910176,"{'loc': 3.2967060596011906, 'scale': 1.748548021171823}"
1,6,poisson,0.2199413038074945,1.648575922784734e-08,{'mu': 3.4232804232804233},norm,0.06037293082879108,0.47781322128275494,"{'loc': 3.4194083662139847, 'scale': 1.7777871047399194}"
1,7,poisson,0.1509381692422811,0.00020109642573373649,{'mu': 5.386934673366834},gamma,0.036239603874227755,0.9477732739304685,"{'a': 4.9355152872898, 'loc': -0.45740728834491057, 'scale': 1.181754061518266}"
1,8,poisson,0.12524418044043628,0.0034129480467338285,{'mu': 10.94},weibull_min,0.03794975401574652,0.9249198924959369,"{'c': 2.7544475193830804, 'loc': 2.628683453990297, 'scale': 9.346346480091976}"
1,9,nbinom,0.10634783195529113,0.020074834156680467,"{'n': 37.565751244002634, 'p': 0.6715874983091497}",norm,0.0350282264367531,0.9596215326084169,"{'loc': 18.364815453664786, 'scale': 5.235329096729236}"
1,10,poisson,0.09680529888367595,0.044827648230672534,{'mu': 21.597989949748744},gamma,0.037113311705852414,0.9372933147107707,"{'a': 1733.392505565263, 'loc': -207.0814321628477, 'scale': 0.13191788965370382}"
1,11,poisson,0.14478050479800553,0.00041949261117549063,{'mu': 22.768844221105528},weibull_min,0.049206669443184914,0.7019763526221297,"{'c': 4.989362046853827, 'loc': -0.9462414106648558, 'scale': 25.794092399249926}"
1,12,nbinom,0.08359105067616879,0.11543155269867023,"{'n': 39.15094339622642, 'p': 0.6535947712418301}",gamma,0.03578180992669844,0.9518727136935021,"{'a': 76.8083193358787, 'loc': -28.576931196578826, 'scale': 0.6423089592678178}"
1,13,poisson,0.13092816163231152,0.0020268552941529235,{'mu': 20.1010101010101},weibull_min,0.041462823498295776,0.8711638511693298,"{'c': 4.058607294265277, 'loc': 3.019199470055384, 'scale': 18.78597296130531}"
1,14,nbinom,0.10112600503707897,0.031123062623907072,"{'n': 63.668430335097, 'p': 0.7701661937576003}",gamma,0.03325886418059032,0.9745824423087012,"{'a': 26679.561432286733, 'loc': -792.1926225191053, 'scale': 0.030405242860731627}"
1,15,nbinom,0.09353927525751121,0.05657815377637154,"{'n': 86.07381253042306, 'p': 0.8313192939616898}",weibull_min,0.03650803155474314,0.9436119874584663,"{'c': 2.7641815809342436, 'loc': 5.73941901374644, 'scale': 13.119509660097883}"
1,16,nbinom,0.1252916569416529,0.00339654349309824,"{'n': 48.419253351868434, 'p': 0.7484899089574966}",weibull_min,0.039338403502186065,0.9041162369278001,"{'c': 3.781898582046988, 'loc': 0.5401451731786715, 'scale': 17.420999925257085}"
1,17,poisson,0.10140723737341378,0.030413837658766152,{'mu': 16.45},gamma,0.03214606982352286,0.9817830197774727,"{'a': 65.4087665120266, 'loc': -20.14847222033697, 'scale': 0.5590573809391683}"
1,18,nbinom,0.09313192574195195,0.058346241395993426,"{'n': 39.7658647216134, 'p': 0.6677630107893424}",weibull_min,0.03442156955590581,0.9652553202479304,"{'c': 2.510193903039542, 'loc': 7.213489122916776, 'scale': 14.215843779347772}"
1,19,nbinom,0.08976396006439669,0.07486374594241074,"{'n': 83.33690503921116, 'p': 0.8008781830269486}",gamma,0.03613172266154574,0.9479897777346319,"{'a': 194.0695067515946, 'loc': -50.142632587461804, 'scale': 0.36509644935500474}"
1,20,nbinom,0.08343778831464306,0.11663329452210625,"{'n': 159.07081518863689, 'p': 0.8894547646791529}",gamma,0.03801222111123967,0.9240419824249593,"{'a': 18.84342316810467, 'loc': -0.6196105367906217, 'scale': 1.0805937669797903}"
1,21,nbinom,0.14954267551837291,0.00022773571913189128,"{'n': 244.88915206063524, 'p': 0.9316186712448578}",weibull_min,0.03920157251407835,0.9062836486133864,"{'c': 4.211874328570426, 'loc': 1.7764491902354131, 'scale': 17.83849615189301}"
1,22,nbinom,0.09574280257434309,0.04779088406686949,"{'n': 53.9377836334358, 'p': 0.7804313586834238}",weibull_min,0.03654334683336291,0.9431904177152889,"{'c': 2.95876838697323, 'loc': 3.2156546700496778, 'scale': 13.43153907503747}"
1,23,poisson,0.09196707639574198,0.06366586747344549,{'mu': 12.69},weibull_min,0.029175313522835603,0.993886030372195,"{'c': 1.7141370564811036, 'loc': 5.754803311962377, 'scale': 7.9097696359766525}"
2,0,poisson,0.12588343815181746,0.0031980682659446384,{'mu': 9.695},gamma,0.02629154937554412,0.9985588138067629,"{'a': 20.59513226279217, 'loc': -7.11724209244683, 'scale': 0.8147799678967586}"
2,1,poisson,0.12353168031673767,0.004181894378265289,{'mu': 6.748743718592965},gamma,0.024368897939876955,0.9996115340977595,"{'a': 5.814984035602283, 'loc': -0.679548725286873, 'scale': 1.2780865661551717}"
2,2,poisson,0.18953489006607638,9.834576129669844e-07,{'mu': 5.110552763819095},norm,0.040707689743028484,0.8828483402410492,"{'loc': 5.112009502440586, 'scale': 2.628301607968006}"
2,3,poisson,0.17844648899868648,5.85009891595888e-06,{'mu': 4.192893401015229},gamma,0.0378471905977078,0.9301642699134447,"{'a': 3.997468192225472, 'loc': -0.344672738277766, 'scale': 1.129266237994687}"
2,4,poisson,0.19544592151235635,8.435186900684936e-07,{'mu': 3.7883597883597884},weibull_min,0.031077447530402758,0.9906342974821225,"{'c': 1.7547431321950109, 'loc': 0.5054843251084111, 'scale': 3.7191754201951346}"
2,5,poisson,0.23614044989393945,2.065008258081365e-09,{'mu': 3.142857142857143},weibull_min,0.045500029548088086,0.8286215289699259,"{'c': 1.785495921998281, 'loc': 0.3536127423462574, 'scale': 3.1587740806718756}"
2,6,poisson,0.17994271071762,9.057946381838007e-06,{'mu': 3.2620320855614975},weibull_min,0.03783978602032512,0.9423312753179641,"{'c': 1.3655693324432638, 'loc': 0.51127705717829, 'scale': 2.995296533264294}"
2,7,poisson,0.14846497460839825,0.00029631881401638544,{'mu': 4.634517766497462},weibull_min,0.0488908198109167,0.7151140884813736,"{'c': 1.5582944228437956, 'loc': 0.9467687931010383, 'scale': 4.15319175828991}"
2,8,nbinom,0.10857667885059585,0.016536583037405513,"{'n': 34.908245505269704, 'p': 0.7725926970252363}",gamma,0.024182321264344497,0.9996469324846979,"{'a': 18.80046959495757, 'loc': -5.720650238633203, 'scale': 0.8523207417536505}"
2,9,poisson,0.13084102922039903,0.0019096025350326914,{'mu': 18.015},norm,0.03403026186183176,0.9686073623358863,"{'loc': 18.006597959057714, 'scale': 4.729292799163987}"
2,10,nbinom,0.10203524625312066,0.029490312782449513,"{'n': 61.60033905695315, 'p': 0.7380409692696384}",weibull_min,0.04577767982732561,0.7808907535517409,"{'c': 3.42740553334016, 'loc': 4.795797550390622, 'scale': 18.979211173801836}"
2,11,nbinom,0.1481697005293684,0.0003068779774423752,"{'n': 65.36339522546416, 'p': 0.743598462950998}",weibull_min,0.05218137761597752,0.6374416397414733,"{'c': 5.125456727686351, 'loc': -2.1332504814188544, 'scale': 26.815454460551283}"
2,12,nbinom,0.09533736770168516,0.049312912469438364,"{'n': 95.46450750727134, 'p': 0.8124327273263442}",gamma,0.03183325358014877,0.983520855814882,"{'a': 1060.2346304511884, 'loc': -149.26288562529948, 'scale': 0.1615797848663234}"
2,13,nbinom,0.11900513675844238,0.006326507698751385,"{'n': 80.18388429752065, 'p': 0.8027709861450693}",weibull_min,0.026721795607842325,0.9981563556643116,"{'c': 4.403499661085254, 'loc': 0.39297919214920785, 'scale': 21.175570902758935}"
2,14,poisson,0.11641952199423766,0.008094804526900926,{'mu': 18.815},norm,0.0490041586327844,0.7038988543073342,"{'loc': 18.83110505673958, 'scale': 4.863281351252041}"
2,15,nbinom,0.1260863775332497,0.003132504562497177,"{'n': 46.22667365084724, 'p': 0.7412673673523066}",norm,0.033128662206238,0.9755098702132606,"{'loc': 16.121241834147405, 'scale': 4.640442921345635}"
2,16,nbinom,0.12910894305233905,0.0022917984056614864,"{'n': 183.1731301187826, 'p': 0.9200605280158863}",gamma,0.04185536887335939,0.860029247064807,"{'a': 79.06916184320332, 'loc': -21.062191465455108, 'scale': 0.46735319509041007}"
2,17,poisson,0.13695459729225984,0.0009834616043205937,{'mu': 15.99},norm,0.04169477098419583,0.8630657606410822,"{'loc': 16.009258527605592, 'scale': 4.333493480597422}"
2,18,poisson,0.11405737633585622,0.01009093783445164,{'mu': 18.145},norm,0.033342145454770544,0.97397710644023,"{'loc': 18.12770491952465, 'scale': 5.012225150758836}"
2,19,nbinom,0.11955263841711833,0.006000598267884648,"{'n': 41.01620912468273, 'p': 0.6916005883709762}",norm,0.04273842822029761,0.8428454133538493,"{'loc': 18.283954884415117, 'scale': 5.157403751147741}"
2,20,nbinom,0.11325042165834645,0.010868794294718069,"{'n': 46.579471060674734, 'p': 0.7098963126228963}",norm,0.04462230507939613,0.8037343394979943,"{'loc': 19.014175746470205, 'scale': 5.167687450890043}"
2,21,poisson,0.11920252178667973,0.006207193980585952,{'mu': 17.31},gamma,0.055250551685881555,0.5558552530334797,"{'a': 214.79933580393327, 'loc': -51.03676179419449, 'scale': 0.31814779417517836}"
2,22,nbinom,0.09432596259534975,0.053293517593923756,"{'n': 106.73812661430615, 'p': 0.882365707411748}",gamma,0.05529352868662507,0.5548584729474617,"{'a': 44.33581834930365, 'loc': -12.501500604254211, 'scale': 0.6028382040609352}"
2,23,poisson,0.09504739708118648,0.05042700648414156,{'mu': 12.295},gamma,0.0306370913035644,0.9890993476680824,"{'a': 21.65881101495598, 'loc': -5.737367544506254, 'scale': 0.8329095669179651}"
3,0,nbinom,0.10063222521217408,0.03240352021355175,"{'n': 19.07662762667475, 'p': 0.6552923756552516}",weibull_min,0.03445464410447441,0.9649619248433713,"{'c': 2.269368348907318, 'loc': 1.744623419577859, 'scale': 9.370624335834258}"
3,1,poisson,0.1059521486425894,0.021725429290921,{'mu': 7.05050505050505},gamma,0.034788911307248926,0.9634872040981811,"{'a': 5.128804047815388, 'loc': -0.08055011135399076, 'scale': 1.3953055595091244}"
3,2,poisson,0.1506431736062045,0.00020845377910231694,{'mu': 4.814070351758794},gamma,0.03577633449923323,0.9528759705674644,"{'a': 4.472935573642927, 'loc': -0.6569286202130115, 'scale': 1.2246179221287115}"
3,3,poisson,0.19432250193600076,6.824597718870551e-07,{'mu': 4.11340206185567},weibull_min,0.03936773314805675,0.9127373775029367,"{'c': 1.9802004054919333, 'loc': 0.2725911975174963, 'scale': 4.321668212297481}"
3,4,poisson,0.22211568397676745,9.30286867657134e-09,{'mu': 3.4293193717277486},weibull_min,0.04164809437804118,0.880907059237587,"{'c': 1.839677990648541, 'loc': 0.22172934996320448, 'scale': 3.5679850279171754}"
3,5,poisson,0.24554740321810434,2.3169330975759603e-10,{'mu': 2.860215053763441},gamma,0.0453740332038961,0.8214880904449222,"{'a': 2.4485163538065504, 'loc': 0.27560046577736563, 'scale': 1.0629074565510948}"
3,6,poisson,0.2206822501404509,2.376885338975013e-08,{'mu': 3.3043478260869565},weibull_min,0.045080497805248324,0.8320832650010896,"{'c': 1.6890031735615554, 'loc': 0.339508250549173, 'scale': 3.313793823669891}"
3,7,poisson,0.18412058562753775,2.2347995442033694e-06,{'mu': 4.748743718592965},weibull_min,0.05046179066558787,0.6722220522390424,"{'c': 2.153098595046986, 'loc': 0.024045106274056892, 'scale': 5.311745003982454}"
3,8,poisson,0.13928276035993986,0.0007577292046157119,{'mu': 10.07},norm,0.047224813497434126,0.7455078241602804,"{'loc': 10.047088495577805, 'scale': 3.5824043798387883}"
3,9,nbinom,0.09801039286786944,0.040006214276552154,"{'n': 30.674257742753383, 'p': 0.6529319367010419}",gamma,0.038356898102621884,0.9190983704227433,"{'a': 60.49614049436258, 'loc': -22.525134656059315, 'scale': 0.6424270759412252}"
3,10,nbinom,0.08791153513467181,0.08552915517799331,"{'n': 31.95312889553727, 'p': 0.598002204924331}",gamma,0.05462136761053782,0.5705119258812689,"{'a': 2819.2036504430353, 'loc': -297.91195339158935, 'scale': 0.11328751040343563}"
3,11,poisson,0.09337682124529678,0.058287197567449156,{'mu': 22.532663316582916},gamma,0.046142964474173376,0.7727424954046217,"{'a': 853.3275859809928, 'loc': -135.95895812642243, 'scale': 0.18573127387391053}"
3,12,nbinom,0.08332695020046949,0.12082132550559088,"{'n': 66.78605117912696, 'p': 0.757253172882512}",gamma,0.047153410960903974,0.752496899148431,"{'a': 82.81079050245987, 'loc': -26.956094898503473, 'scale': 0.5842244245682281}"
3,13,poisson,0.09620518802321265,0.04696798364110566,{'mu': 19.819095477386934},gamma,0.04134368053159415,0.8714700421172242,"{'a': 3389.9351379960067, 'loc': -284.5565899485323, 'scale': 0.0897936697539058}"
3,14,poisson,0.12085652448840356,0.005285245110128589,{'mu': 19.23},norm,0.057615074765858365,0.5020022234666497,"{'loc': 19.267912732356784, 'scale': 5.1506072017434485}"
3,15,nbinom,0.09072659472551958,0.06978083656762069,"{'n': 61.23132036847492, 'p': 0.7767877541695225}",gamma,0.02290101647843501,0.999876744379415,"{'a': 66.02385360096007, 'loc': -20.992562388549217, 'scale': 0.5847087600812333}"
3,16,nbinom,0.11172655492650052,0.012486922044944795,"{'n': 90.57471092284518, 'p': 0.8495915628961349}",weibull_min,0.04207880846450385,0.855758083214394,"{'c': 2.874764803706105, 'loc': 4.4219047807834215, 'scale': 13.027790175702584}"
3,17,poisson,0.13621579098651826,0.0010673086077321978,{'mu': 17.655},weibull_min,0.03420559785237076,0.9671324757015152,"{'c': 4.582748824544956, 'loc': -1.1065520419467663, 'scale': 20.501045659932565}"
3,18,nbinom,0.1197179274909611,0.005905263627608302,"{'n': 48.638931483474074, 'p': 0.7048718882796227}",norm,0.037321363555105846,0.9334395791347098,"{'loc': 20.354434780267496, 'scale': 5.363423759675281}"
3,19,poisson,0.09623822579619934,0.04772557046986836,{'mu': 21.292929292929294},gamma,0.04825216508971836,0.7271762856069873,"{'a': 316.58091530002775, 'loc': -71.5993179964534, 'scale': 0.29352870674500664}"
3,20,nbinom,0.07743146818598368,0.1723985051205713,"{'n': 66.95600114866464, 'p': 0.7695119038369117}",weibull_min,0.04337210689678084,0.8300378665785448,"{'c': 2.2349881864371715, 'loc': 9.651809423819483, 'scale': 11.815959606914392}"
3,21,poisson,0.1119729332195285,0.012211411676012467,{'mu': 18.49},norm,0.04470467657560653,0.8019575146961776,"{'loc': 18.50732710385272, 'scale': 4.781238232587175}"
3,22,nbinom,0.12186152336065914,0.0047880890892471805,"{'n': 73.69136299577208, 'p': 0.8297048033736757}",weibull_min,0.06375560643204725,0.374717139163136,"{'c': 2.997745067780433, 'loc': 3.491985457650218, 'scale': 13.089509212159108}"
3,23,poisson,0.09966863656490232,0.03503602181062493,{'mu': 12.555},gamma,0.029108202096160773,0.9940591440112281,"{'a': 14.963163385192859, 'loc': -2.7624693989491633, 'scale': 1.0249305359192578}"
4,0,poisson,0.10127211534552893,0.03075280066509356,{'mu': 10.265},gamma,0.0340178377715451,0.9687102110561822,"{'a': 19.003943197939485, 'loc': -5.426629515988161, 'scale': 0.8245780283649708}"
4,1,nbinom,0.10862060437753496,0.01647284696486537,"{'n': 17.013387049724457, 'p': 0.6984611507729906}",gamma,0.04979495340289675,0.6851422300399315,"{'a': 6.967820799861482, 'loc': -1.362538654402933, 'scale': 1.2559711730660221}"
4,2,poisson,0.17517296752259393,9.306920934277483e-06,{'mu': 5.3908629441624365},weibull_min,0.048934199026765435,0.7141010739946303,"{'c': 2.152957156910877, 'loc': -0.12316272888309805, 'scale': 6.214188181913716}"
4,3,poisson,0.1234137898942862,0.004497984348110152,{'mu': 4.730964467005077},gamma,0.0339479485935994,0.9712829160790617,"{'a': 3.442036002950335, 'loc': -0.10173819192165146, 'scale': 1.401129857832919}"
4,4,poisson,0.1970680235770022,2.7863757052456145e-07,{'mu': 3.71},weibull_min,0.026643272598350476,0.9982357946599048,"{'c': 1.7578920617087572, 'loc': 0.4405380240092619, 'scale': 3.684603140237206}"
4,5,poisson,0.17627420295323737,1.4900078968342187e-05,{'mu': 3.609625668449198},weibull_min,0.027360951287167534,0.9983912126763146,"{'c': 1.5887370312133968, 'loc': 0.4264634711884848, 'scale': 3.5220912944647536}"
4,6,poisson,0.18848673812628108,2.200695660275206e-06,{'mu': 3.7526315789473683},gamma,0.05297469073225465,0.6408032321142321,"{'a': 3.9340790918360433, 'loc': -0.45577966282860694, 'scale': 1.0755973976116406}"
4,7,poisson,0.20364111163765158,1.0326789214906843e-07,{'mu': 4.562814070351759},gamma,0.06307114602331487,0.39088532775531803,"{'a': 5.940536995917024, 'loc': -0.6062786221441325, 'scale': 0.8682056129071396}"
4,8,nbinom,0.12596600221054477,0.003171243158942798,"{'n': 46.86456329357443, 'p': 0.8430460776616945}",weibull_min,0.03186957743956781,0.9833252539448821,"{'c': 2.7510881384406787, 'loc': 0.45664183465876584, 'scale': 9.320967612245077}"
4,9,nbinom,0.12489060211096065,0.0035374335168231407,"{'n': 113.73526538586776, 'p': 0.8850286398861892}",weibull_min,0.04633307543774823,0.7658930775878345,"{'c': 3.290516103461467, 'loc': 2.576262888145865, 'scale': 13.655509462534834}"
4,10,nbinom,0.10291538132417233,0.026847905910660996,"{'n': 54.66571090699973, 'p': 0.7484792059682762}",weibull_min,0.035327979629509454,0.9566394234917017,"{'c': 2.6533268635001397, 'loc': 6.100671116184376, 'scale': 13.792629088457572}"
4,11,nbinom,0.13324757545607752,0.0014760043425148962,"{'n': 320.96269395840363, 'p': 0.942116226184334}",gamma,0.04506831888769758,0.794054510456219,"{'a': 9320.212882432439, 'loc': -424.3094665776234, 'scale': 0.04764092694605482}"
4,12,nbinom,0.10153957164700578,0.030085057966671602,"{'n': 78.51955041950296, 'p': 0.7976423102796554}",gamma,0.03641360817669448,0.9447301139408523,"{'a': 154.59867931053472, 'loc': -42.62012489163337, 'scale': 0.40450701472253503}"
4,13,poisson,0.08855313972574241,0.08169896755405792,{'mu': 18.5},gamma,0.024221305810235294,0.9996363940193996,"{'a': 26.57027073304551, 'loc': -5.201062189123885, 'scale': 0.8923677748550465}"
4,14,nbinom,0.11382039408673139,0.010313981512806837,"{'n': 72.47107865983118, 'p': 0.8033055718714032}",gamma,0.05874660246033808,0.4770595603594162,"{'a': 286.21818382981576, 'loc': -61.89683043586227, 'scale': 0.27830297088417766}"
4,15,nbinom,0.09869916286580657,0.03787170457499234,"{'n': 65.04104599013722, 'p': 0.8029159452870493}",norm,0.04178549536522225,0.8613538524244562,"{'loc': 16.008859315614558, 'scale': 4.4491808464598135}"
4,16,poisson,0.1119336166140201,0.012255006526995656,{'mu': 14.17},gamma,0.0397524304661834,0.8974066780108244,"{'a': 44.36969855530579, 'loc': -12.555182765477845, 'scale': 0.6027925869896675}"
4,17,nbinom,0.10325486555401597,0.02609806813715798,"{'n': 45.580736738478414, 'p': 0.7636149129500646}",weibull_min,0.024385986663452597,0.9995889364655106,"{'c': 2.886307577517628, 'loc': 2.6963149493911667, 'scale': 12.855957126216328}"
4,18,poisson,0.12324987170587548,0.004171631708279324,{'mu': 14.115},norm,0.03515200762834492,0.958406077534757,"{'loc': 14.133951072115101, 'scale': 4.4017452344428225}"
4,19,poisson,0.09820867916263948,0.03938123037972485,{'mu': 14.7},gamma,0.050617499047524106,0.6655410913079897,"{'a': 36.286331204210526, 'loc': -10.592387798154865, 'scale': 0.6974647064955917}"
4,20,nbinom,0.10842907873868024,0.016752371041684724,"{'n': 50.20642111483159, 'p': 0.7785580320146552}",gamma,0.04040294454741486,0.8864170965762211,"{'a': 17.677213120974187, 'loc': -3.76541542980965, 'scale': 1.0212675570790322}"
4,21,nbinom,0.09945444148912325,0.035646017734270674,"{'n': 61.46113667454301, 'p': 0.8138269546896345}",gamma,0.035252284222583585,0.9574049385965,"{'a': 26.99081250304641, 'loc': -7.587922247426362, 'scale': 0.8013358132922607}"
4,22,nbinom,0.12897072506851243,0.0023251620888712268,"{'n': 34.77366255144033, 'p': 0.7278835386338186}",norm,0.03875916766566029,0.9131179773137855,"{'loc': 13.025121349633455, 'scale': 4.223941431612033}"
4,23,poisson,0.11848999380913305,0.0066478183289342225,{'mu': 11.81},gamma,0.026891034962186422,0.997975465965985,"{'a': 44.28248476594254, 'loc': -13.820140664780281, 'scale': 0.578960209002922}"
5,0,nbinom,0.1493697684404076,0.000232563317365959,"{'n': 29.771749719609332, 'p': 0.7574207974961821}",weibull_min,0.038292068497160825,0.9200410145924528,"{'c': 2.742721067797245, 'loc': 0.554950183057352, 'scale': 10.094225314649545}"
5,1,nbinom,0.18912920046414766,9.738981766479218e-07,"{'n': 46.40791139838595, 'p': 0.855557163175553}",gamma,0.04457957046300226,0.8046541652711496,"{'a': 837.2944917524387, 'loc': -80.78461427363177, 'scale': 0.10580132484677757}"
5,2,nbinom,0.13275443282897514,0.0015565977157657412,"{'n': 14.876760563380286, 'p': 0.69593147751606}",gamma,0.03684973844897799,0.9394572346498189,"{'a': 7.095060101105815, 'loc': -1.661274979277564, 'scale': 1.1530039375862216}"
5,3,nbinom,0.16347933768345574,4.0855468780933025e-05,"{'n': 19.43310985617716, 'p': 0.7659029930448827}",weibull_min,0.05611482016035618,0.5391034448845418,"{'c': 2.067563299106821, 'loc': 0.4477061420812586, 'scale': 6.211658010940497}"
5,4,poisson,0.15313082212510243,0.00015361732189118866,{'mu': 5.683417085427136},weibull_min,0.04497292227534666,0.7985441023570695,"{'c': 1.9554861551888383, 'loc': 0.3111586172078714, 'scale': 6.037845795237523}"
5,5,poisson,0.1511791398516158,0.00020445032224369105,{'mu': 4.712121212121212},gamma,0.043829337642199095,0.8250619261863659,"{'a': 4.505622412253429, 'loc': -0.6186809300855025, 'scale': 1.1817836496949197}"
5,6,poisson,0.1787059125149546,5.63663166695246e-06,{'mu': 4.436548223350254},weibull_min,0.033692367889805674,0.9732214098415772,"{'c': 1.9278736281873021, 'loc': 0.3529872605792467, 'scale': 4.609570864856323}"
5,7,poisson,0.15536587291555914,0.00012811836104590065,{'mu': 4.918781725888325},gamma,0.054161810845318015,0.5907489170411284,"{'a': 3.498369605989452, 'loc': -0.12848429132046557, 'scale': 1.44034215575613}"
5,8,poisson,0.16333873537882276,3.9446517998629296e-05,{'mu': 6.205},gamma,0.038466883432475285,0.9174856567056089,"{'a': 10.116933249444447, 'loc': -2.170934047657723, 'scale': 0.8284466769110261}"
5,9,nbinom,0.1330828665254214,0.0015024805588457154,"{'n': 24.033400571084282, 'p': 0.7434144636459573}",weibull_min,0.04807171724829207,0.7258316431306155,"{'c': 2.0025120140330257, 'loc': 1.9662245390867417, 'scale': 7.130794685986323}"
5,10,nbinom,0.1416785960955408,0.0005767167358300422,"{'n': 186.9200463499418, 'p': 0.9427072960233684}",norm,0.03874354817355763,0.9133543760504907,"{'loc': 11.368138549044152, 'scale': 3.4739509673436744}"
5,11,poisson,0.12145803675552341,0.004982299536980187,{'mu': 13.77},gamma,0.041003824859563776,0.8757994389280674,"{'a': 43.8843189144796, 'loc': -12.615881961947068, 'scale': 0.6006901165840064}"
5,12,poisson,0.11602107764416081,0.008404104414613575,{'mu': 14.515},gamma,0.040126290599704184,0.8911564343778363,"{'a': 494.6730612003262, 'loc': -72.29073191684782, 'scale': 0.17549848356165948}"
5,13,poisson,0.11572466970941342,0.008641113699847968,{'mu': 14.73},gamma,0.04943942039942295,0.6935888457473919,"{'a': 142.946640972814, 'loc': -38.38253866119642, 'scale': 0.3715338057431434}"
5,14,nbinom,0.13239884993806622,0.0016172270944400523,"{'n': 79.09935950073906, 'p': 0.8507195567432396}",gamma,0.05965946858538118,0.45738759579195254,"{'a': 73.3650571580769, 'loc': -20.481928872819765, 'scale': 0.4685000884818237}"
5,15,nbinom,0.10752101689355031,0.018136235786277433,"{'n': 53.380897361833206, 'p': 0.793049854541107}",gamma,0.03377570685593412,0.9706710196378111,"{'a': 63.63704674639524, 'loc': -19.787172722229805, 'scale': 0.5294349297154926}"
5,16,nbinom,0.10707420369968734,0.01885392974988364,"{'n': 160.33229920716997, 'p': 0.9215967136023351}",weibull_min,0.04522664502877943,0.7905846456645899,"{'c': 3.000961916551163, 'loc': 2.9575711105639297, 'scale': 11.990732807907289}"
5,17,poisson,0.16283170253685542,4.450104103167308e-05,{'mu': 13.487437185929648},weibull_min,0.03526518159917669,0.9581402811203595,"{'c': 4.782698573880327, 'loc': -1.345051404137286, 'scale': 16.18534016656541}"
5,18,nbinom,0.11877576655138383,0.0064677816685163,"{'n': 70.23329122254913, 'p': 0.8217467579838481}",weibull_min,0.02997528225566093,0.9915190533810708,"{'c': 3.6412782645955586, 'loc': 1.0721806803788083, 'scale': 15.691216750087516}"
5,19,nbinom,0.09531564463242165,0.04939563131543623,"{'n': 34.36074829990852, 'p': 0.6657028025682894}",gamma,0.03417162642083765,0.9674216599439672,"{'a': 90.5974800936053, 'loc': -31.060484422147667, 'scale': 0.5327918454981762}"
5,20,poisson,0.14098882317753897,0.0006241714188786867,{'mu': 17.96},norm,0.06329209140530823,0.383583009866202,"{'loc': 17.958445274023163, 'scale': 4.817503130995071}"
5,21,nbinom,0.10234086300493306,0.02816028653363245,"{'n': 60.501897430337216, 'p': 0.7641357440605581}",weibull_min,0.03577753387072702,0.9519190451692475,"{'c': 2.940739341263498, 'loc': 5.2172392920231685, 'scale': 15.063329380814853}"
5,22,nbinom,0.09367937553066297,0.05598078050137223,"{'n': 36.180206081311006, 'p': 0.684127164517123}",gamma,0.032995781465749385,0.9764327111468292,"{'a': 136.19946686082392, 'loc': -41.029024043986276, 'scale': 0.4236047496236508}"
5,23,poisson,0.08906809318174658,0.07873029352055039,{'mu': 14.645},gamma,0.042244753194273926,0.8525516526397191,"{'a': 11.692075678910768, 'loc': -0.9573582043937225, 'scale': 1.3316349639953327}"
6,0,poisson,0.13018223091833403,0.002047410534457485,{'mu': 11.87},norm,0.03073112301592207,0.9887188572143377,"{'loc': 11.868015513105133, 'scale': 4.145584293055849}"
6,1,nbinom,0.12795744505769874,0.002583816770359985,"{'n': 18.025978614800042, 'p': 0.6644057654804537}",weibull_min,0.03464910698534773,0.9632049295532255,"{'c': 2.344071043323492, 'loc': 0.9195538197236532, 'scale': 9.254034719253678}"
6,2,nbinom,0.1554347420261758,0.00011526404974178006,"{'n': 28.003529510630564, 'p': 0.7976155381196427}",weibull_min,0.04367686995466047,0.8259734578730717,"{'c': 2.584945256282449, 'loc': -0.11994701224745319, 'scale': 8.134286165142534}"
6,3,poisson,0.14747637228865007,0.00030519946367657124,{'mu': 5.2462311557788945},weibull_min,0.04085047267943376,0.8803356592706444,"{'c': 1.5344998790304618, 'loc': 1.416789877699338, 'scale': 4.220050389890428}"
6,4,poisson,0.17151893399031165,1.6409623226368236e-05,{'mu': 4.173469387755102},weibull_min,0.04995539128653348,0.693072070521644,"{'c': 1.6353806760755623, 'loc': 0.31938827889648447, 'scale': 4.284356273529563}"
6,5,poisson,0.17571429472162908,1.3327932305997204e-05,{'mu': 4.026315789473684},weibull_min,0.05099295182454122,0.6868780824259294,"{'c': 1.7988806077202617, 'loc': 0.277898472101891, 'scale': 4.230718856420156}"
6,6,nbinom,0.1852033640438155,2.3381356230682796e-06,"{'n': 342.8186157517863, 'p': 0.9888448124384334}",weibull_min,0.049591976714444486,0.7015981974754545,"{'c': 1.8396205960565593, 'loc': 0.2948888333266883, 'scale': 4.008117186495813}"
6,7,poisson,0.2145910529726009,1.4575960421132021e-08,{'mu': 5.38},gamma,0.04684837720122359,0.7541595601774841,"{'a': 27.05679668441227, 'loc': -6.309188729483056, 'scale': 0.4310916472461468}"
6,8,nbinom,0.1240553976204527,0.0038482569690669426,"{'n': 177.92669632479664, 'p': 0.9441000468241362}",weibull_min,0.04927576076558393,0.697469822373255,"{'c': 2.974932013022352, 'loc': 1.4316006828399392, 'scale': 10.219355165476177}"
6,9,nbinom,0.07190495686937284,0.24056763880153698,"{'n': 96.7995707970824, 'p': 0.8295122055455778}",gamma,0.05220836399838602,0.6275702404722676,"{'a': 30.361559628113774, 'loc': -7.1337834823304345, 'scale': 0.8903298936255246}"
6,10,poisson,0.11330758388136009,0.013987515513652897,{'mu': 25.9},norm,0.03976063027980814,0.9129021984483214,"{'loc': 25.91239672144266, 'scale': 5.371982224964632}"
6,11,poisson,0.12062953913173707,0.007898649476828007,{'mu': 26.732620320855617},norm,0.0494659669173968,0.7308286268472562,"{'loc': 26.722086882599598, 'scale': 5.413460155871438}"
6,12,poisson,0.12808319592691603,0.003006813522547234,{'mu': 25.897435897435898},weibull_min,0.04169904979598327,0.8725285712365857,"{'c': 5.6231981102307405, 'loc': -1.6334020175477235, 'scale': 29.795722597655228}"
6,13,poisson,0.10904784148072166,0.01663924330754479,{'mu': 22.994949494949495},norm,0.04189398579240411,0.8631965947156173,"{'loc': 22.9888420135258, 'scale': 5.466616685433965}"
6,14,poisson,0.10316391401598918,0.026297120479365166,{'mu': 22.215},gamma,0.0354982640212399,0.9548864877109519,"{'a': 4435.702664876382, 'loc': -349.43316260059623, 'scale': 0.08378508180911778}"
6,15,poisson,0.11007077481540678,0.014844649895663994,{'mu': 20.020100502512562},gamma,0.050383779719859856,0.6740772757591963,"{'a': 80.06536295853623, 'loc': -27.616903817690712, 'scale': 0.59499108419212}"
6,16,poisson,0.08990477427105337,0.07410119195509768,{'mu': 18.31},weibull_min,0.041799675326104624,0.8610854707004925,"{'c': 2.167211324548341, 'loc': 9.277434846243793, 'scale': 10.371490193496381}"
6,17,nbinom,0.08545518010392739,0.10161342447964872,"{'n': 108.52142920726655, 'p': 0.8450085381734358}",gamma,0.0373002540273899,0.9337158657716786,"{'a': 45.737164017374134, 'loc': -13.06162462797381, 'scale': 0.721020981494563}"
6,18,nbinom,0.09553018542259434,0.049480622505177596,"{'n': 41.73235890442047, 'p': 0.6529016944819724}",gamma,0.04828841004820833,0.723543847561736,"{'a': 293.01960778425155, 'loc': -77.66853908761357, 'scale': 0.34066355018565714}"
6,19,nbinom,0.08669141086601911,0.09464330411518951,"{'n': 138.29024159011416, 'p': 0.8568126454623245}",gamma,0.04287768143170467,0.8421711938207943,"{'a': 692.3396856566344, 'loc': -112.91680304980389, 'scale': 0.19649731041642315}"
6,20,nbinom,0.10157123102307541,0.030006866569700974,"{'n': 63.69834759128693, 'p': 0.7504221899682172}",norm,0.035748680531591304,0.9522309676435079,"{'loc': 21.179691554116307, 'scale': 5.322710106818313}"
6,21,nbinom,0.10865349117903922,0.016425272132748102,"{'n': 68.408286224338, 'p': 0.7810209466723133}",weibull_min,0.035885445218159395,0.9507415514796818,"{'c': 2.891735023152134, 'loc': 6.121711731615077, 'scale': 14.708329857653805}"
6,22,nbinom,0.10075701802532178,0.032075618058900246,"{'n': 34.709580490279315, 'p': 0.6886195689491587}",weibull_min,0.03001270889689267,0.9913938622444393,"{'c': 2.448702136688767, 'loc': 4.929495586734003, 'scale': 12.201362453545809}"
6,23,nbinom,0.11159725482480493,0.012633739625658058,"{'n': 30.048897007165923, 'p': 0.6967230579111091}",gamma,0.036754128526166385,0.9406374312349832,"{'a': 16.958405061769298, 'loc': -4.80486561715239, 'scale': 1.0545047612694591}"
